Statistic,Current Premium,Optimized Premium
Mean,2488.1279,2228.2323060165827
Std,735.6744914956166,2672.408128022474
Min,951.0,438.41649738937286
Max,5105.0,10000.0
